{
  "cars": [
    {
      "carType": "Sedan",
      "brand": "Toyota",
      "carModel": "Corolla",
      "image": "images/snapcar_images/2014-Toyota-Corolla-front_9085_032_2400x1800_070.png",
      "yearOfManufacture": 2014,
      "mileage": "30,000 km",
      "fuelType": "Gasoline",
      "available": true,
      "pricePerDay": 50,
      "description": "A reliable and fuel-efficient sedan perfect for daily commuting.",
      "vin": "1HGBH41JXMN109186"
    },
    {
      "carType": "Sedan",
      "brand": "Toyota",
      "carModel": "Camry",
      "image": "images/snapcar_images/2021-Toyota-Camry-front_14732_032_2400x1800_040.png",
      "yearOfManufacture": 2021,
      "mileage": "15,000 km",
      "fuelType": "Gasoline",
      "available": true,
      "pricePerDay": 60,
      "description": "A comfortable and reliable mid-size sedan.",
      "vin": "JT1BH11FXMN202301"
    },
    {
      "carType": "SUV",
      "brand": "Toyota",
      "carModel": "RAV4",
      "image": "images/snapcar_images/2022-Toyota-RAV4-HybridXLE.png",
      "yearOfManufacture": 2022,
      "mileage": "10,000 km",
      "fuelType": "Hybrid",
      "available": true,
      "pricePerDay": 85,
      "description": "Popular compact SUV with hybrid efficiency.",
      "vin": "2T3H1RFVXMZ303402"
    },
    {
      "carType": "SUV",
      "brand": "Honda",
      "carModel": "CR-V",
      "image": "images/snapcar_images/honda_cr-v_hybrd_2021.png",
      "yearOfManufacture": 2001,
      "mileage": "45,000 km",
      "fuelType": "Gasoline",
      "available": true,
      "pricePerDay": 70,
      "description": "Spacious and versatile, great for family trips and outdoor adventures.",
      "vin": "2HGFC2F60KH123456"
    },
    {
      "carType": "Sedan",
      "brand": "Honda",
      "carModel": "Accord",
      "image": "images/snapcar_images/honda_accord_2020.png",
      "yearOfManufacture": 2020,
      "mileage": "25,000 km",
      "fuelType": "Gasoline",
      "available": true,
      "pricePerDay": 75,
      "description": "A well-rounded mid-size sedan known for reliability.",
      "vin": "1HGCM5F3XLA404503"
    },
    {
      "carType": "SUV",
      "brand": "Honda",
      "carModel": "Pilot",
      "image": "images/snapcar_images/2019-Honda-Pilot-front_13224_032_2400x1800_WC_nologo.png",
      "yearOfManufacture": 2019,
      "mileage": "38,000 km",
      "fuelType": "Gasoline",
      "available": false,
      "pricePerDay": 90,
      "description": "A three-row SUV perfect for larger families.",
      "vin": "5FNYF6H5XKB505604"
    },
    {
      "carType": "Coupe",
      "brand": "Ford",
      "carModel": "Mustang",
      "image": "images/snapcar_images/2010-Ford-Mustang-GT.png",
      "yearOfManufacture": 2010,
      "mileage": "15,000 km",
      "fuelType": "Gasoline",
      "available": false,
      "pricePerDay": 120,
      "description": "A powerful and stylish coupe offering an exhilarating driving experience.",
      "vin": "1FA6P8TH6J5134567"
    },
    {
      "carType": "Truck",
      "brand": "Ford",
      "carModel": "F-150",
      "image": "images/snapcar_images/2017-Ford-F-150_1_o.png",
      "yearOfManufacture": 2017,
      "mileage": "55,000 km",
      "fuelType": "Gasoline",
      "available": true,
      "pricePerDay": 130,
      "description": "Robust and capable pickup truck for work or adventure.",
      "vin": "1FTFW1E5XHF123460"
    },
    {
      "carType": "SUV",
      "brand": "Ford",
      "carModel": "Explorer",
      "image": "images/snapcar_images/2022_Ford_Explorer.png",
      "yearOfManufacture": 2022,
      "mileage": "12,000 km",
      "fuelType": "Hybrid",
      "available": true,
      "pricePerDay": 100,
      "description": "A versatile family SUV with a hybrid option.",
      "vin": "1FMCU0KHXNUA606705"
    },
    {
      "carType": "Hatchback",
      "brand": "Volkswagen",
      "carModel": "Golf",
      "image": "images/snapcar_images/volkswagen_golf_2018.png",
      "yearOfManufacture": 2018,
      "mileage": "22,000 km",
      "fuelType": "Diesel",
      "available": false,
      "pricePerDay": 65,
      "description": "A compact and agile hatchback, perfect for city driving.",
      "vin": "WVWZZZAUZJP123457"
    },
    {
      "carType": "Sedan",
      "brand": "BMW",
      "carModel": "3 Series",
      "image": "images/snapcar_images/bmw_3_2019.png",
      "yearOfManufacture": 2019,
      "mileage": "18,500 km",
      "fuelType": "Gasoline",
      "available": true,
      "pricePerDay": 95,
      "description": "Luxury sedan with sporty performance and advanced technology.",
      "vin": "WBA3B5C5XKZ123458"
    },
    {
      "carType": "SUV",
      "brand": "BMW",
      "carModel": "X3",
      "image": "images/snapcar_images/bmw_x3_2021.png",
      "yearOfManufacture": 2021,
      "mileage": "14,000 km",
      "fuelType": "Gasoline",
      "available": true,
      "pricePerDay": 105,
      "description": "A sporty and luxurious compact SUV.",
      "vin": "5UXWX7C5XMLB707806"
    },
    {
      "carType": "SUV",
      "brand": "Audi",
      "carModel": "Q5",
      "image": "images/snapcar_images/audi-q5-2020.png",
      "yearOfManufacture": 2020,
      "mileage": "12,000 km",
      "fuelType": "Hybrid",
      "available": true,
      "pricePerDay": 110,
      "description": "A premium SUV offering comfort, style, and efficiency.",
      "vin": "WAUZZZFYXMA123459"
    },
    {
      "carType": "Sedan",
      "brand": "Audi",
      "carModel": "A4",
      "image": "images/snapcar_images/2022-Audi-A4-.png",
      "yearOfManufacture": 2022,
      "mileage": "9,000 km",
      "fuelType": "Gasoline",
      "available": true,
      "pricePerDay": 100,
      "description": "A compact luxury sedan with a refined interior.",
      "vin": "WAUFGFA4XNA808907"
    },
    {
      "carType": "Van",
      "brand": "Mercedes-Benz",
      "carModel": "Sprinter",
      "image": "images/snapcar_images/2019-Mercedes-Benz-SprinterPassengerVan-Base.png",
      "yearOfManufacture": 2019,
      "mileage": "33,000 km",
      "fuelType": "Diesel",
      "available": true,
      "pricePerDay": 150,
      "description": "Large and versatile van, ideal for group travel or cargo.",
      "vin": "WDBPD7CCXKJ123461"
    },
    {
      "carType": "Sedan",
      "brand": "Mercedes-Benz",
      "carModel": "C-Class",
      "image": "images/snapcar_images/mercedesbenz_c-class_2023.png",
      "yearOfManufacture": 2023,
      "mileage": "5,000 km",
      "fuelType": "Hybrid",
      "available": true,
      "pricePerDay": 120,
      "description": "An elegant and technologically advanced luxury sedan.",
      "vin": "WDD2060551F909008"
    },
    {
      "carType": "Electric",
      "brand": "Tesla",
      "carModel": "Model 3",
      "image": "images/snapcar_images/tesla_model3_2021.png",
      "yearOfManufacture": 2021,
      "mileage": "8,000 km",
      "fuelType": "Electric",
      "available": false,
      "pricePerDay": 140,
      "description": "Cutting-edge electric car with long range and autopilot features.",
      "vin": "5YJ3E1EBXML123462"
    },
    {
      "carType": "SUV",
      "brand": "Tesla",
      "carModel": "Model Y",
      "image": "images/snapcar_images/tesla_modely_2022.png",
      "yearOfManufacture": 2022,
      "mileage": "6,000 km",
      "fuelType": "Electric",
      "available": true,
      "pricePerDay": 150,
      "description": "A versatile electric SUV with impressive range and performance.",
      "vin": "7SAXYGDE8NF101109"
    },
    {
      "carType": "Sedan",
      "brand": "Hyundai",
      "carModel": "Sonata",
      "image": "images/snapcar_images/2020-Hyundai-Sonata Hybrid-front_14433_032_2400x1800_WC9.png",
      "yearOfManufacture": 2020,
      "mileage": "20,000 km",
      "fuelType": "Hybrid",
      "available": true,
      "pricePerDay": 75,
      "description": "Stylish and efficient hybrid sedan with a comfortable ride.",
      "vin": "KMHLC4AGXML123463"
    },
    {
      "carType": "Electric",
      "brand": "Hyundai",
      "carModel": "Ioniq 5",
      "image": "images/snapcar_images/2022-Hyundai-IONIQ 5-front_50143_032_2400x1800_SAW.png",
      "yearOfManufacture": 2022,
      "mileage": "7,000 km",
      "fuelType": "Electric",
      "available": true,
      "pricePerDay": 135,
      "description": "Retro-styled electric SUV with ultra-fast charging and spacious interior.",
      "vin": "KMHLE5LCXNU123470"
    },
    {
      "carType": "SUV",
      "brand": "Hyundai",
      "carModel": "Tucson",
      "image": "images/snapcar_images/2023-Hyundai-Tucson-SE-A5G-cc_2023HYS020001_01_2100_A5G.png",
      "yearOfManufacture": 2023,
      "mileage": "3,000 km",
      "fuelType": "Gasoline",
      "available": true,
      "pricePerDay": 80,
      "description": "A modern compact SUV with a distinctive design.",
      "vin": "KM8J3DA5XPU202210"
    },
    {
      "carType": "SUV",
      "brand": "Kia",
      "carModel": "Seltos",
      "image": "images/snapcar_images/kia_seltos_2022.png",
      "yearOfManufacture": 2022,
      "mileage": "5,500 km",
      "fuelType": "Gasoline",
      "available": true,
      "pricePerDay": 80,
      "description": "Compact SUV with a bold design and modern features.",
      "vin": "KNDPN3ACXML123464"
    },
    {
      "carType": "SUV",
      "brand": "Kia",
      "carModel": "Sportage",
      "image": "images/snapcar_images/kia_sportage_2023.png",
      "yearOfManufacture": 2023,
      "mileage": "4,000 km",
      "fuelType": "Hybrid",
      "available": true,
      "pricePerDay": 90,
      "description": "A stylish and practical compact SUV, available as a hybrid.",
      "vin": "KNDP34ACXPH303311"
    },
    {
      "carType": "Coupe",
      "brand": "Chevrolet",
      "carModel": "Camaro",
      "image": "images/snapcar_images/2016-Chevrolet-Camaro-front_10999_032_2400x1800_G7D_nologo.png",
      "yearOfManufacture": 2016,
      "mileage": "28,000 km",
      "fuelType": "Gasoline",
      "available": true,
      "pricePerDay": 125,
      "description": "Iconic American muscle car with thrilling performance.",
      "vin": "1G1FF1RXXG0123465"
    },
    {
      "carType": "Hatchback",
      "brand": "Mazda",
      "carModel": "3",
      "image": "images/snapcar_images/mazda3_2019.png",
      "yearOfManufacture": 2019,
      "mileage": "19,000 km",
      "fuelType": "Gasoline",
      "available": true,
      "pricePerDay": 70,
      "description": "Fun-to-drive hatchback with a premium interior and sleek design.",
      "vin": "JM1BP******M*123466"
    },
    {
      "carType": "Sedan",
      "brand": "Nissan",
      "carModel": "Altima",
      "image": "images/snapcar_images/2018-Nissan-Altima-front_12400_032_1811x755_KH3_cropped.png",
      "yearOfManufacture": 2018,
      "mileage": "32,000 km",
      "fuelType": "Gasoline",
      "available": true,
      "pricePerDay": 60,
      "description": "Comfortable mid-size sedan with good fuel economy.",
      "vin": "1N4AL3AP*JC123467"
    },
    {
      "carType": "SUV",
      "brand": "Subaru",
      "carModel": "Outback",
      "image": "images/snapcar_images/2021-Subaru-Outback-front_14595_032_2400x1800_K1X.png",
      "yearOfManufacture": 2021,
      "mileage": "11,000 km",
      "fuelType": "Gasoline",
      "available": true,
      "pricePerDay": 90,
      "description": "Rugged and reliable SUV with standard all-wheel drive.",
      "vin": "4S4BSBPC*M3123468"
    },
    {
      "carType": "Van",
      "brand": "Chrysler",
      "carModel": "Pacifica",
      "image": "images/snapcar_images/2020-Chrysler-Pacifica Hybrid-front_14362_032_2400x1800_PW7.png",
      "yearOfManufacture": 2020,
      "mileage": "25,000 km",
      "fuelType": "Hybrid",
      "available": true,
      "pricePerDay": 100,
      "description": "Family-friendly minivan with innovative features and plug-in hybrid option.",
      "vin": "2C4RC1BG*LR123469"
    },
    {
      "carType": "Truck",
      "brand": "RAM",
      "carModel": "1500",
      "image": "images/snapcar_images/ram_1500_2019.png",
      "yearOfManufacture": 2019,
      "mileage": "48,000 km",
      "fuelType": "Diesel",
      "available": true,
      "pricePerDay": 140,
      "description": "Full-size pickup known for its comfortable ride and luxurious interior options.",
      "vin": "3C6RR6CT*KG123471"
    },
    {
      "carType": "Sedan",
      "brand": "Volvo",
      "carModel": "S60",
      "image": "images/snapcar_images/volvo_s60_2021.png",
      "yearOfManufacture": 2021,
      "mileage": "9,500 km",
      "fuelType": "Hybrid",
      "available": true,
      "pricePerDay": 105,
      "description": "Scandinavian design meets safety and performance in this luxury sedan.",
      "vin": "YV1RSAPM*M1123472"
    }
  ]
} 